tool_generator_000001,moodle
tool_generator_000002,moodle
tool_generator_000003,moodle
tool_generator_000004,moodle
tool_generator_000005,moodle
tool_generator_000006,moodle
tool_generator_000007,moodle
tool_generator_000008,moodle
tool_generator_000009,moodle
tool_generator_000010,moodle
tool_generator_000011,moodle
tool_generator_000012,moodle
tool_generator_000013,moodle
tool_generator_000014,moodle
tool_generator_000015,moodle
tool_generator_000016,moodle
tool_generator_000017,moodle
tool_generator_000018,moodle
tool_generator_000019,moodle
tool_generator_000020,moodle
tool_generator_000021,moodle
tool_generator_000022,moodle
tool_generator_000023,moodle
tool_generator_000024,moodle
tool_generator_000025,moodle
tool_generator_000026,moodle
tool_generator_000027,moodle
tool_generator_000028,moodle
tool_generator_000029,moodle
tool_generator_000030,moodle
tool_generator_000031,moodle
tool_generator_000032,moodle
tool_generator_000033,moodle
tool_generator_000034,moodle
tool_generator_000035,moodle
tool_generator_000036,moodle
tool_generator_000037,moodle
tool_generator_000038,moodle
tool_generator_000039,moodle
tool_generator_000040,moodle
tool_generator_000041,moodle
tool_generator_000042,moodle
tool_generator_000043,moodle
tool_generator_000044,moodle
tool_generator_000045,moodle
tool_generator_000046,moodle
tool_generator_000047,moodle
tool_generator_000048,moodle
tool_generator_000049,moodle
tool_generator_000050,moodle
tool_generator_000051,moodle
tool_generator_000052,moodle
tool_generator_000053,moodle
tool_generator_000054,moodle
tool_generator_000055,moodle
tool_generator_000056,moodle
tool_generator_000057,moodle
tool_generator_000058,moodle
tool_generator_000059,moodle
tool_generator_000060,moodle
tool_generator_000061,moodle
tool_generator_000062,moodle
tool_generator_000063,moodle
tool_generator_000064,moodle
tool_generator_000065,moodle
tool_generator_000066,moodle
tool_generator_000067,moodle
tool_generator_000068,moodle
tool_generator_000069,moodle
tool_generator_000070,moodle
tool_generator_000071,moodle
tool_generator_000072,moodle
tool_generator_000073,moodle
tool_generator_000074,moodle
tool_generator_000075,moodle
tool_generator_000076,moodle
tool_generator_000077,moodle
tool_generator_000078,moodle
tool_generator_000079,moodle
tool_generator_000080,moodle
tool_generator_000081,moodle
tool_generator_000082,moodle
tool_generator_000083,moodle
tool_generator_000084,moodle
tool_generator_000085,moodle
tool_generator_000086,moodle
tool_generator_000087,moodle
tool_generator_000088,moodle
tool_generator_000089,moodle
tool_generator_000090,moodle
tool_generator_000091,moodle
tool_generator_000092,moodle
tool_generator_000093,moodle
tool_generator_000094,moodle
tool_generator_000095,moodle
tool_generator_000096,moodle
tool_generator_000097,moodle
tool_generator_000098,moodle
tool_generator_000099,moodle
tool_generator_000100,moodle
tool_generator_000101,moodle
tool_generator_000102,moodle
tool_generator_000103,moodle
tool_generator_000104,moodle
tool_generator_000105,moodle
tool_generator_000106,moodle
tool_generator_000107,moodle
tool_generator_000108,moodle
tool_generator_000109,moodle
tool_generator_000110,moodle
tool_generator_000111,moodle
tool_generator_000112,moodle
tool_generator_000113,moodle
tool_generator_000114,moodle
tool_generator_000115,moodle
tool_generator_000116,moodle
tool_generator_000117,moodle
tool_generator_000118,moodle
tool_generator_000119,moodle
tool_generator_000120,moodle
tool_generator_000121,moodle
tool_generator_000122,moodle
tool_generator_000123,moodle
tool_generator_000124,moodle
tool_generator_000125,moodle
tool_generator_000126,moodle
tool_generator_000127,moodle
tool_generator_000128,moodle
tool_generator_000129,moodle
tool_generator_000130,moodle
tool_generator_000131,moodle
tool_generator_000132,moodle
tool_generator_000133,moodle
tool_generator_000134,moodle
tool_generator_000135,moodle
tool_generator_000136,moodle
tool_generator_000137,moodle
tool_generator_000138,moodle
tool_generator_000139,moodle
tool_generator_000140,moodle
tool_generator_000141,moodle
tool_generator_000142,moodle
tool_generator_000143,moodle
tool_generator_000144,moodle
tool_generator_000145,moodle
tool_generator_000146,moodle
tool_generator_000147,moodle
tool_generator_000148,moodle
tool_generator_000149,moodle
tool_generator_000150,moodle
tool_generator_000151,moodle
tool_generator_000152,moodle
tool_generator_000153,moodle
tool_generator_000154,moodle
tool_generator_000155,moodle
tool_generator_000156,moodle
tool_generator_000157,moodle
tool_generator_000158,moodle
tool_generator_000159,moodle
tool_generator_000160,moodle
tool_generator_000161,moodle
tool_generator_000162,moodle
tool_generator_000163,moodle
tool_generator_000164,moodle
tool_generator_000165,moodle
tool_generator_000166,moodle
tool_generator_000167,moodle
tool_generator_000168,moodle
tool_generator_000169,moodle
tool_generator_000170,moodle
tool_generator_000171,moodle
tool_generator_000172,moodle
tool_generator_000173,moodle
tool_generator_000174,moodle
tool_generator_000175,moodle
tool_generator_000176,moodle
tool_generator_000177,moodle
tool_generator_000178,moodle
tool_generator_000179,moodle
tool_generator_000180,moodle
tool_generator_000181,moodle
tool_generator_000182,moodle
tool_generator_000183,moodle
tool_generator_000184,moodle
tool_generator_000185,moodle
tool_generator_000186,moodle
tool_generator_000187,moodle
tool_generator_000188,moodle
tool_generator_000189,moodle
tool_generator_000190,moodle
tool_generator_000191,moodle
tool_generator_000192,moodle
tool_generator_000193,moodle
tool_generator_000194,moodle
tool_generator_000195,moodle
tool_generator_000196,moodle
tool_generator_000197,moodle
tool_generator_000198,moodle
tool_generator_000199,moodle
tool_generator_000200,moodle
tool_generator_000201,moodle
tool_generator_000202,moodle
tool_generator_000203,moodle
tool_generator_000204,moodle
tool_generator_000205,moodle
tool_generator_000206,moodle
tool_generator_000207,moodle
tool_generator_000208,moodle
tool_generator_000209,moodle
tool_generator_000210,moodle
tool_generator_000211,moodle
tool_generator_000212,moodle
tool_generator_000213,moodle
tool_generator_000214,moodle
tool_generator_000215,moodle
tool_generator_000216,moodle
tool_generator_000217,moodle
tool_generator_000218,moodle
tool_generator_000219,moodle
tool_generator_000220,moodle
tool_generator_000221,moodle
tool_generator_000222,moodle
tool_generator_000223,moodle
tool_generator_000224,moodle
tool_generator_000225,moodle
tool_generator_000226,moodle
tool_generator_000227,moodle
tool_generator_000228,moodle
tool_generator_000229,moodle
tool_generator_000230,moodle
tool_generator_000231,moodle
tool_generator_000232,moodle
tool_generator_000233,moodle
tool_generator_000234,moodle
tool_generator_000235,moodle
tool_generator_000236,moodle
tool_generator_000237,moodle
tool_generator_000238,moodle
tool_generator_000239,moodle
tool_generator_000240,moodle
tool_generator_000241,moodle
tool_generator_000242,moodle
tool_generator_000243,moodle
tool_generator_000244,moodle
tool_generator_000245,moodle
tool_generator_000246,moodle
tool_generator_000247,moodle
tool_generator_000248,moodle
tool_generator_000249,moodle
tool_generator_000250,moodle
tool_generator_000251,moodle
tool_generator_000252,moodle
tool_generator_000253,moodle
tool_generator_000254,moodle
tool_generator_000255,moodle
tool_generator_000256,moodle
tool_generator_000257,moodle
tool_generator_000258,moodle
tool_generator_000259,moodle
tool_generator_000260,moodle
tool_generator_000261,moodle
tool_generator_000262,moodle
tool_generator_000263,moodle
tool_generator_000264,moodle
tool_generator_000265,moodle
tool_generator_000266,moodle
tool_generator_000267,moodle
tool_generator_000268,moodle
tool_generator_000269,moodle
tool_generator_000270,moodle
tool_generator_000271,moodle
tool_generator_000272,moodle
tool_generator_000273,moodle
tool_generator_000274,moodle
tool_generator_000275,moodle
tool_generator_000276,moodle
tool_generator_000277,moodle
tool_generator_000278,moodle
tool_generator_000279,moodle
tool_generator_000280,moodle
tool_generator_000281,moodle
tool_generator_000282,moodle
tool_generator_000283,moodle
tool_generator_000284,moodle
tool_generator_000285,moodle
tool_generator_000286,moodle
tool_generator_000287,moodle
tool_generator_000288,moodle
tool_generator_000289,moodle
tool_generator_000290,moodle
tool_generator_000291,moodle
tool_generator_000292,moodle
tool_generator_000293,moodle
tool_generator_000294,moodle
tool_generator_000295,moodle
tool_generator_000296,moodle
tool_generator_000297,moodle
tool_generator_000298,moodle
tool_generator_000299,moodle
tool_generator_000300,moodle
tool_generator_000301,moodle
tool_generator_000302,moodle
tool_generator_000303,moodle
tool_generator_000304,moodle
tool_generator_000305,moodle
tool_generator_000306,moodle
tool_generator_000307,moodle
tool_generator_000308,moodle
tool_generator_000309,moodle
tool_generator_000310,moodle
tool_generator_000311,moodle
tool_generator_000312,moodle
tool_generator_000313,moodle
tool_generator_000314,moodle
tool_generator_000315,moodle
tool_generator_000316,moodle
tool_generator_000317,moodle
tool_generator_000318,moodle
tool_generator_000319,moodle
tool_generator_000320,moodle
tool_generator_000321,moodle
tool_generator_000322,moodle
tool_generator_000323,moodle
tool_generator_000324,moodle
tool_generator_000325,moodle
tool_generator_000326,moodle
tool_generator_000327,moodle
tool_generator_000328,moodle
tool_generator_000329,moodle
tool_generator_000330,moodle
tool_generator_000331,moodle
tool_generator_000332,moodle
tool_generator_000333,moodle
tool_generator_000334,moodle
tool_generator_000335,moodle
tool_generator_000336,moodle
tool_generator_000337,moodle
tool_generator_000338,moodle
tool_generator_000339,moodle
tool_generator_000340,moodle
tool_generator_000341,moodle
tool_generator_000342,moodle
tool_generator_000343,moodle
tool_generator_000344,moodle
tool_generator_000345,moodle
tool_generator_000346,moodle
tool_generator_000347,moodle
tool_generator_000348,moodle
tool_generator_000349,moodle
tool_generator_000350,moodle
tool_generator_000351,moodle
tool_generator_000352,moodle
tool_generator_000353,moodle
tool_generator_000354,moodle
tool_generator_000355,moodle
tool_generator_000356,moodle
tool_generator_000357,moodle
tool_generator_000358,moodle
tool_generator_000359,moodle
tool_generator_000360,moodle
tool_generator_000361,moodle
tool_generator_000362,moodle
tool_generator_000363,moodle
tool_generator_000364,moodle
tool_generator_000365,moodle
tool_generator_000366,moodle
tool_generator_000367,moodle
tool_generator_000368,moodle
tool_generator_000369,moodle
tool_generator_000370,moodle
tool_generator_000371,moodle
tool_generator_000372,moodle
tool_generator_000373,moodle
tool_generator_000374,moodle
tool_generator_000375,moodle
tool_generator_000376,moodle
tool_generator_000377,moodle
tool_generator_000378,moodle
tool_generator_000379,moodle
tool_generator_000380,moodle
tool_generator_000381,moodle
tool_generator_000382,moodle
tool_generator_000383,moodle
tool_generator_000384,moodle
tool_generator_000385,moodle
tool_generator_000386,moodle
tool_generator_000387,moodle
tool_generator_000388,moodle
tool_generator_000389,moodle
tool_generator_000390,moodle
tool_generator_000391,moodle
tool_generator_000392,moodle
tool_generator_000393,moodle
tool_generator_000394,moodle
tool_generator_000395,moodle
tool_generator_000396,moodle
tool_generator_000397,moodle
tool_generator_000398,moodle
tool_generator_000399,moodle
tool_generator_000400,moodle
tool_generator_000401,moodle
tool_generator_000402,moodle
tool_generator_000403,moodle
tool_generator_000404,moodle
tool_generator_000405,moodle
tool_generator_000406,moodle
tool_generator_000407,moodle
tool_generator_000408,moodle
tool_generator_000409,moodle
tool_generator_000410,moodle
tool_generator_000411,moodle
tool_generator_000412,moodle
tool_generator_000413,moodle
tool_generator_000414,moodle
tool_generator_000415,moodle
tool_generator_000416,moodle
tool_generator_000417,moodle
tool_generator_000418,moodle
tool_generator_000419,moodle
tool_generator_000420,moodle
tool_generator_000421,moodle
tool_generator_000422,moodle
tool_generator_000423,moodle
tool_generator_000424,moodle
tool_generator_000425,moodle
tool_generator_000426,moodle
tool_generator_000427,moodle
tool_generator_000428,moodle
tool_generator_000429,moodle
tool_generator_000430,moodle
tool_generator_000431,moodle
tool_generator_000432,moodle
tool_generator_000433,moodle
tool_generator_000434,moodle
tool_generator_000435,moodle
tool_generator_000436,moodle
tool_generator_000437,moodle
tool_generator_000438,moodle
tool_generator_000439,moodle
tool_generator_000440,moodle
tool_generator_000441,moodle
tool_generator_000442,moodle
tool_generator_000443,moodle
tool_generator_000444,moodle
tool_generator_000445,moodle
tool_generator_000446,moodle
tool_generator_000447,moodle
tool_generator_000448,moodle
tool_generator_000449,moodle
tool_generator_000450,moodle
tool_generator_000451,moodle
tool_generator_000452,moodle
tool_generator_000453,moodle
tool_generator_000454,moodle
tool_generator_000455,moodle
tool_generator_000456,moodle
tool_generator_000457,moodle
tool_generator_000458,moodle
tool_generator_000459,moodle
tool_generator_000460,moodle
tool_generator_000461,moodle
tool_generator_000462,moodle
tool_generator_000463,moodle
tool_generator_000464,moodle
tool_generator_000465,moodle
tool_generator_000466,moodle
tool_generator_000467,moodle
tool_generator_000468,moodle
tool_generator_000469,moodle
tool_generator_000470,moodle
tool_generator_000471,moodle
tool_generator_000472,moodle
tool_generator_000473,moodle
tool_generator_000474,moodle
tool_generator_000475,moodle
tool_generator_000476,moodle
tool_generator_000477,moodle
tool_generator_000478,moodle
tool_generator_000479,moodle
tool_generator_000480,moodle
tool_generator_000481,moodle
tool_generator_000482,moodle
tool_generator_000483,moodle
tool_generator_000484,moodle
tool_generator_000485,moodle
tool_generator_000486,moodle
tool_generator_000487,moodle
tool_generator_000488,moodle
tool_generator_000489,moodle
tool_generator_000490,moodle
tool_generator_000491,moodle
tool_generator_000492,moodle
tool_generator_000493,moodle
tool_generator_000494,moodle
tool_generator_000495,moodle
tool_generator_000496,moodle
tool_generator_000497,moodle
tool_generator_000498,moodle
tool_generator_000499,moodle
tool_generator_000500,moodle
tool_generator_000501,moodle
tool_generator_000502,moodle
tool_generator_000503,moodle
tool_generator_000504,moodle
tool_generator_000505,moodle
tool_generator_000506,moodle
tool_generator_000507,moodle
tool_generator_000508,moodle
tool_generator_000509,moodle
tool_generator_000510,moodle
tool_generator_000511,moodle
tool_generator_000512,moodle
tool_generator_000513,moodle
tool_generator_000514,moodle
tool_generator_000515,moodle
tool_generator_000516,moodle
tool_generator_000517,moodle
tool_generator_000518,moodle
tool_generator_000519,moodle
tool_generator_000520,moodle
tool_generator_000521,moodle
tool_generator_000522,moodle
tool_generator_000523,moodle
tool_generator_000524,moodle
tool_generator_000525,moodle
tool_generator_000526,moodle
tool_generator_000527,moodle
tool_generator_000528,moodle
tool_generator_000529,moodle
tool_generator_000530,moodle
tool_generator_000531,moodle
tool_generator_000532,moodle
tool_generator_000533,moodle
tool_generator_000534,moodle
tool_generator_000535,moodle
tool_generator_000536,moodle
tool_generator_000537,moodle
tool_generator_000538,moodle
tool_generator_000539,moodle
tool_generator_000540,moodle
tool_generator_000541,moodle
tool_generator_000542,moodle
tool_generator_000543,moodle
tool_generator_000544,moodle
tool_generator_000545,moodle
tool_generator_000546,moodle
tool_generator_000547,moodle
tool_generator_000548,moodle
tool_generator_000549,moodle
tool_generator_000550,moodle
tool_generator_000551,moodle
tool_generator_000552,moodle
tool_generator_000553,moodle
tool_generator_000554,moodle
tool_generator_000555,moodle
tool_generator_000556,moodle
tool_generator_000557,moodle
tool_generator_000558,moodle
tool_generator_000559,moodle
tool_generator_000560,moodle
tool_generator_000561,moodle
tool_generator_000562,moodle
tool_generator_000563,moodle
tool_generator_000564,moodle
tool_generator_000565,moodle
tool_generator_000566,moodle
tool_generator_000567,moodle
tool_generator_000568,moodle
tool_generator_000569,moodle
tool_generator_000570,moodle
tool_generator_000571,moodle
tool_generator_000572,moodle
tool_generator_000573,moodle
tool_generator_000574,moodle
tool_generator_000575,moodle
tool_generator_000576,moodle
tool_generator_000577,moodle
tool_generator_000578,moodle
tool_generator_000579,moodle
tool_generator_000580,moodle
tool_generator_000581,moodle
tool_generator_000582,moodle
tool_generator_000583,moodle
tool_generator_000584,moodle
tool_generator_000585,moodle
tool_generator_000586,moodle
tool_generator_000587,moodle
tool_generator_000588,moodle
tool_generator_000589,moodle
tool_generator_000590,moodle
tool_generator_000591,moodle
tool_generator_000592,moodle
tool_generator_000593,moodle
tool_generator_000594,moodle
tool_generator_000595,moodle
tool_generator_000596,moodle
tool_generator_000597,moodle
tool_generator_000598,moodle
tool_generator_000599,moodle
tool_generator_000600,moodle
tool_generator_000601,moodle
tool_generator_000602,moodle
tool_generator_000603,moodle
tool_generator_000604,moodle
tool_generator_000605,moodle
tool_generator_000606,moodle
tool_generator_000607,moodle
tool_generator_000608,moodle
tool_generator_000609,moodle
tool_generator_000610,moodle
tool_generator_000611,moodle
tool_generator_000612,moodle
tool_generator_000613,moodle
tool_generator_000614,moodle
tool_generator_000615,moodle
tool_generator_000616,moodle
tool_generator_000617,moodle
tool_generator_000618,moodle
tool_generator_000619,moodle
tool_generator_000620,moodle
tool_generator_000621,moodle
tool_generator_000622,moodle
tool_generator_000623,moodle
tool_generator_000624,moodle
tool_generator_000625,moodle
tool_generator_000626,moodle
tool_generator_000627,moodle
tool_generator_000628,moodle
tool_generator_000629,moodle
tool_generator_000630,moodle
tool_generator_000631,moodle
tool_generator_000632,moodle
tool_generator_000633,moodle
tool_generator_000634,moodle
tool_generator_000635,moodle
tool_generator_000636,moodle
tool_generator_000637,moodle
tool_generator_000638,moodle
tool_generator_000639,moodle
tool_generator_000640,moodle
tool_generator_000641,moodle
tool_generator_000642,moodle
tool_generator_000643,moodle
tool_generator_000644,moodle
tool_generator_000645,moodle
tool_generator_000646,moodle
tool_generator_000647,moodle
tool_generator_000648,moodle
tool_generator_000649,moodle
tool_generator_000650,moodle
tool_generator_000651,moodle
tool_generator_000652,moodle
tool_generator_000653,moodle
tool_generator_000654,moodle
tool_generator_000655,moodle
tool_generator_000656,moodle
tool_generator_000657,moodle
tool_generator_000658,moodle
tool_generator_000659,moodle
tool_generator_000660,moodle
tool_generator_000661,moodle
tool_generator_000662,moodle
tool_generator_000663,moodle
tool_generator_000664,moodle
tool_generator_000665,moodle
tool_generator_000666,moodle
tool_generator_000667,moodle
tool_generator_000668,moodle
tool_generator_000669,moodle
tool_generator_000670,moodle
tool_generator_000671,moodle
tool_generator_000672,moodle
tool_generator_000673,moodle
tool_generator_000674,moodle
tool_generator_000675,moodle
tool_generator_000676,moodle
tool_generator_000677,moodle
tool_generator_000678,moodle
tool_generator_000679,moodle
tool_generator_000680,moodle
tool_generator_000681,moodle
tool_generator_000682,moodle
tool_generator_000683,moodle
tool_generator_000684,moodle
tool_generator_000685,moodle
tool_generator_000686,moodle
tool_generator_000687,moodle
tool_generator_000688,moodle
tool_generator_000689,moodle
tool_generator_000690,moodle
tool_generator_000691,moodle
tool_generator_000692,moodle
tool_generator_000693,moodle
tool_generator_000694,moodle
tool_generator_000695,moodle
tool_generator_000696,moodle
tool_generator_000697,moodle
tool_generator_000698,moodle
tool_generator_000699,moodle
tool_generator_000700,moodle
tool_generator_000701,moodle
tool_generator_000702,moodle
tool_generator_000703,moodle
tool_generator_000704,moodle
tool_generator_000705,moodle
tool_generator_000706,moodle
tool_generator_000707,moodle
tool_generator_000708,moodle
tool_generator_000709,moodle
tool_generator_000710,moodle
tool_generator_000711,moodle
tool_generator_000712,moodle
tool_generator_000713,moodle
tool_generator_000714,moodle
tool_generator_000715,moodle
tool_generator_000716,moodle
tool_generator_000717,moodle
tool_generator_000718,moodle
tool_generator_000719,moodle
tool_generator_000720,moodle
tool_generator_000721,moodle
tool_generator_000722,moodle
tool_generator_000723,moodle
tool_generator_000724,moodle
tool_generator_000725,moodle
tool_generator_000726,moodle
tool_generator_000727,moodle
tool_generator_000728,moodle
tool_generator_000729,moodle
tool_generator_000730,moodle
tool_generator_000731,moodle
tool_generator_000732,moodle
tool_generator_000733,moodle
tool_generator_000734,moodle
tool_generator_000735,moodle
tool_generator_000736,moodle
tool_generator_000737,moodle
tool_generator_000738,moodle
tool_generator_000739,moodle
tool_generator_000740,moodle
tool_generator_000741,moodle
tool_generator_000742,moodle
tool_generator_000743,moodle
tool_generator_000744,moodle
tool_generator_000745,moodle
tool_generator_000746,moodle
tool_generator_000747,moodle
tool_generator_000748,moodle
tool_generator_000749,moodle
tool_generator_000750,moodle
tool_generator_000751,moodle
tool_generator_000752,moodle
tool_generator_000753,moodle
tool_generator_000754,moodle
tool_generator_000755,moodle
tool_generator_000756,moodle
tool_generator_000757,moodle
tool_generator_000758,moodle
tool_generator_000759,moodle
tool_generator_000760,moodle
tool_generator_000761,moodle
tool_generator_000762,moodle
tool_generator_000763,moodle
tool_generator_000764,moodle
tool_generator_000765,moodle
tool_generator_000766,moodle
tool_generator_000767,moodle
tool_generator_000768,moodle
tool_generator_000769,moodle
tool_generator_000770,moodle
tool_generator_000771,moodle
tool_generator_000772,moodle
tool_generator_000773,moodle
tool_generator_000774,moodle
tool_generator_000775,moodle
tool_generator_000776,moodle
tool_generator_000777,moodle
tool_generator_000778,moodle
tool_generator_000779,moodle
tool_generator_000780,moodle
tool_generator_000781,moodle
tool_generator_000782,moodle
tool_generator_000783,moodle
tool_generator_000784,moodle
tool_generator_000785,moodle
tool_generator_000786,moodle
tool_generator_000787,moodle
tool_generator_000788,moodle
tool_generator_000789,moodle
tool_generator_000790,moodle
tool_generator_000791,moodle
tool_generator_000792,moodle
tool_generator_000793,moodle
tool_generator_000794,moodle
tool_generator_000795,moodle
tool_generator_000796,moodle
tool_generator_000797,moodle
tool_generator_000798,moodle
tool_generator_000799,moodle
tool_generator_000800,moodle
tool_generator_000801,moodle
tool_generator_000802,moodle
tool_generator_000803,moodle
tool_generator_000804,moodle
tool_generator_000805,moodle
tool_generator_000806,moodle
tool_generator_000807,moodle
tool_generator_000808,moodle
tool_generator_000809,moodle
tool_generator_000810,moodle
tool_generator_000811,moodle
tool_generator_000812,moodle
tool_generator_000813,moodle
tool_generator_000814,moodle
tool_generator_000815,moodle
tool_generator_000816,moodle
tool_generator_000817,moodle
tool_generator_000818,moodle
tool_generator_000819,moodle
tool_generator_000820,moodle
tool_generator_000821,moodle
tool_generator_000822,moodle
tool_generator_000823,moodle
tool_generator_000824,moodle
tool_generator_000825,moodle
tool_generator_000826,moodle
tool_generator_000827,moodle
tool_generator_000828,moodle
tool_generator_000829,moodle
tool_generator_000830,moodle
tool_generator_000831,moodle
tool_generator_000832,moodle
tool_generator_000833,moodle
tool_generator_000834,moodle
tool_generator_000835,moodle
tool_generator_000836,moodle
tool_generator_000837,moodle
tool_generator_000838,moodle
tool_generator_000839,moodle
tool_generator_000840,moodle
tool_generator_000841,moodle
tool_generator_000842,moodle
tool_generator_000843,moodle
tool_generator_000844,moodle
tool_generator_000845,moodle
tool_generator_000846,moodle
tool_generator_000847,moodle
tool_generator_000848,moodle
tool_generator_000849,moodle
tool_generator_000850,moodle
tool_generator_000851,moodle
tool_generator_000852,moodle
tool_generator_000853,moodle
tool_generator_000854,moodle
tool_generator_000855,moodle
tool_generator_000856,moodle
tool_generator_000857,moodle
tool_generator_000858,moodle
tool_generator_000859,moodle
tool_generator_000860,moodle
tool_generator_000861,moodle
tool_generator_000862,moodle
tool_generator_000863,moodle
tool_generator_000864,moodle
tool_generator_000865,moodle
tool_generator_000866,moodle
tool_generator_000867,moodle
tool_generator_000868,moodle
tool_generator_000869,moodle
tool_generator_000870,moodle
tool_generator_000871,moodle
tool_generator_000872,moodle
tool_generator_000873,moodle
tool_generator_000874,moodle
tool_generator_000875,moodle
tool_generator_000876,moodle
tool_generator_000877,moodle
tool_generator_000878,moodle
tool_generator_000879,moodle
tool_generator_000880,moodle
tool_generator_000881,moodle
tool_generator_000882,moodle
tool_generator_000883,moodle
tool_generator_000884,moodle
tool_generator_000885,moodle
tool_generator_000886,moodle
tool_generator_000887,moodle
tool_generator_000888,moodle
tool_generator_000889,moodle
tool_generator_000890,moodle
tool_generator_000891,moodle
tool_generator_000892,moodle
tool_generator_000893,moodle
tool_generator_000894,moodle
tool_generator_000895,moodle
tool_generator_000896,moodle
tool_generator_000897,moodle
tool_generator_000898,moodle
tool_generator_000899,moodle
tool_generator_000900,moodle
tool_generator_000901,moodle
tool_generator_000902,moodle
tool_generator_000903,moodle
tool_generator_000904,moodle
tool_generator_000905,moodle
tool_generator_000906,moodle
tool_generator_000907,moodle
tool_generator_000908,moodle
tool_generator_000909,moodle
tool_generator_000910,moodle
tool_generator_000911,moodle
tool_generator_000912,moodle
tool_generator_000913,moodle
tool_generator_000914,moodle
tool_generator_000915,moodle
tool_generator_000916,moodle
tool_generator_000917,moodle
tool_generator_000918,moodle
tool_generator_000919,moodle
tool_generator_000920,moodle
tool_generator_000921,moodle
tool_generator_000922,moodle
tool_generator_000923,moodle
tool_generator_000924,moodle
tool_generator_000925,moodle
tool_generator_000926,moodle
tool_generator_000927,moodle
tool_generator_000928,moodle
tool_generator_000929,moodle
tool_generator_000930,moodle
tool_generator_000931,moodle
tool_generator_000932,moodle
tool_generator_000933,moodle
tool_generator_000934,moodle
tool_generator_000935,moodle
tool_generator_000936,moodle
tool_generator_000937,moodle
tool_generator_000938,moodle
tool_generator_000939,moodle
tool_generator_000940,moodle
tool_generator_000941,moodle
tool_generator_000942,moodle
tool_generator_000943,moodle
tool_generator_000944,moodle
tool_generator_000945,moodle
tool_generator_000946,moodle
tool_generator_000947,moodle
tool_generator_000948,moodle
tool_generator_000949,moodle
tool_generator_000950,moodle
tool_generator_000951,moodle
tool_generator_000952,moodle
tool_generator_000953,moodle
tool_generator_000954,moodle
tool_generator_000955,moodle
tool_generator_000956,moodle
tool_generator_000957,moodle
tool_generator_000958,moodle
tool_generator_000959,moodle
tool_generator_000960,moodle
tool_generator_000961,moodle
tool_generator_000962,moodle
tool_generator_000963,moodle
tool_generator_000964,moodle
tool_generator_000965,moodle
tool_generator_000966,moodle
tool_generator_000967,moodle
tool_generator_000968,moodle
tool_generator_000969,moodle
tool_generator_000970,moodle
tool_generator_000971,moodle
tool_generator_000972,moodle
tool_generator_000973,moodle
tool_generator_000974,moodle
tool_generator_000975,moodle
tool_generator_000976,moodle
tool_generator_000977,moodle
tool_generator_000978,moodle
tool_generator_000979,moodle
tool_generator_000980,moodle
tool_generator_000981,moodle
tool_generator_000982,moodle
tool_generator_000983,moodle
tool_generator_000984,moodle
tool_generator_000985,moodle
tool_generator_000986,moodle
tool_generator_000987,moodle
tool_generator_000988,moodle
tool_generator_000989,moodle
tool_generator_000990,moodle
tool_generator_000991,moodle
tool_generator_000992,moodle
tool_generator_000993,moodle
tool_generator_000994,moodle
tool_generator_000995,moodle
tool_generator_000996,moodle
tool_generator_000997,moodle
tool_generator_000998,moodle
tool_generator_000999,moodle
tool_generator_001000,moodle